{"events":{"ms-vscode.anycode/feature":{"name":{"classification":"SystemMetaData","purpose":"FeatureInsight"},"language":{"classification":"SystemMetaData","purpose":"FeatureInsight"}},"ms-vscode.anycode/init":{"numoffiles":{"classification":"SystemMetaData","purpose":"FeatureInsight","isMeasurement":true},"indexsize":{"classification":"SystemMetaData","purpose":"FeatureInsight","isMeasurement":true},"hasworkspacecontents":{"classification":"SystemMetaData","purpose":"FeatureInsight","isMeasurement":true},"duration":{"classification":"SystemMetaData","purpose":"FeatureInsight","isMeasurement":true}}},"commonProperties":{}}