{
  "$schema": "vscode://schemas/color-theme",
  "name": "Dark Default Colors",
  "colors": {
    "activityBar.activeBorder": "#167CDB",
    "activityBar.activeForeground": "#FFFFFF",
    "activityBar.background": "#35393D",
    "activityBar.border": "#252729",
    "activityBar.disableForeground": "#5F656B",
    "activityBar.dropBackground": "#43484D",
    "activityBar.foreground": "#D7DBDE",
    "activityBar.inactiveForeground": "#868C91",
    "activityBarBadge.background": "#167CDB",
    "activityBarBadge.foreground": "#FFFFFF",
    "badge.background": "#FFFFFF40",
    "badge.foreground": "#D7DBDE",
    "checkbox.background": "#00000040",
    "checkbox.border": "#00000000",
    "descriptionForeground": "#868C91",
    "diffEditor.insertedTextBackground": "#12A7A740",
    "editor.background": "#202224",
    "editor.findMatchHighlightBackground": "#D7491A40",
    "editorGroup.border": "#43484D",
    "editorGroup.dropBackground": "#5F656B40",
    "editorGroup.emptyBackground": "#202224",
    "editorGroupHeader.tabsBackground": "#2C3033",
    "editorSuggestWidget.selectedBackground": "#1A66AC",
    "errorForeground": "#D21F28",
    "focusBorder": "#167CDB",
    "foreground": "#D7DBDE",
    "gitDecoration.addedResourceForeground": "#8FD460",
    "gitDecoration.conflictingResourceForeground": "#7F9EF3",
    "gitDecoration.deletedResourceForeground": "#F3956A",
    "gitDecoration.ignoredResourceForeground": "#BBC0C4",
    "gitDecoration.modifiedResourceForeground": "#F3CC62",
    "gitDecoration.submoduleResourceForeground": "#67ABEB",
    "gitDecoration.untrackedResourceForeground": "#58D1C9",
    "icon.foreground": "#D7DBDE",
    "input.background": "#00000040",
    "input.foreground": "#D7DBDE",
    "input.placeholderForeground": "#5F656B",
    "inputDropdown.searchMatchForeground": "#3895EB",
    "inputIcon.foreground": "#5F656B",
    "inputValidation.errorBackground": "#321115",
    "inputValidation.errorBorder": "#D21F28",
    "inputValidation.errorForeground": "#D7DBDE",
    "inputValidation.errorText": "#D21F28",
    "inputValidation.warningBackground": "#332510",
    "inputValidation.warningBorder": "#DBA936",
    "inputValidation.warningText": "#DBA936",
    "keybinding.background": "#5F656B33",
    "kt.accentForeground": "#FFFFFF",
    "kt.actionbar.disableForeground": "#5F656B",
    "kt.actionbar.foreground": "#D7DBDE",
    "kt.actionbar.selectionBackground": "#1B2F44",
    "kt.actionbar.selectionBorder": "#1A66AC",
    "kt.actionbar.separatorBackground": "#5F656B40",
    "kt.activityBar.dropUpBackground": "#1F507D",
    "kt.button.disableBackground": "#5F656B40",
    "kt.button.disableBorder": "#5F656B80",
    "kt.button.disableForeground": "#5F656B",
    "kt.checkbox.disableBackground": "#5F656B40",
    "kt.checkbox.disableForeground": "#5F656B",
    "kt.checkbox.hoverBorder": "#167CDB",
    "kt.checkbox.selectionBackground": "#167CDB",
    "kt.checkbox.selectionForeground": "#FFFFFF",
    "kt.dangerButton.background": "#DB4345",
    "kt.dangerButton.clickBackground": "#D21F28",
    "kt.dangerButton.foreground": "#FFFFFF",
    "kt.dangerButton.hoverBackground": "#F37370",
    "kt.dangerGhostButton.border": "#DB4345",
    "kt.dangerGhostButton.clickBorder": "#D21F28",
    "kt.dangerGhostButton.clickForeground": "#D21F28",
    "kt.dangerGhostButton.foreground": "#DB4345",
    "kt.dangerGhostButton.hoverBorder": "#F37370",
    "kt.dangerGhostButton.hoverForeground": "#F37370",
    "kt.defaultButton.background": "#43484D",
    "kt.defaultButton.border": "#00000000",
    "kt.defaultButton.clickBackground": "#35393D",
    "kt.defaultButton.clickBorder": "#00000000",
    "kt.defaultButton.disableBackground": "#5F656B40",
    "kt.defaultButton.disableBorder": "#5F656B80",
    "kt.defaultButton.disableForeground": "#5F656B",
    "kt.defaultButton.foreground": "#D7DBDE",
    "kt.defaultButton.hoverBackground": "#5F656B",
    "kt.defaultButton.hoverBorder": "#00000000",
    "kt.defaultButton.selectionBackground": "#167CDB",
    "kt.defaultButton.selectionForeground": "#FFFFFF",
    "kt.dirtyDot.foreground": "#868C91",
    "kt.disableForeground": "#5F656B",
    "kt.editorBreadcrumb.borderDown": "#2C3033",
    "kt.errorBackground": "#D21F2840",
    "kt.errorIconForeground": "#DB4345",
    "kt.hintBackground": "#5F656B40",
    "kt.hintIconForeground": "#868C91",
    "kt.icon.clickForeground": "#D7DBDE",
    "kt.icon.disableForeground": "#5F656B",
    "kt.icon.foreground": "#D7DBDE",
    "kt.icon.hoverBackground": "#1B2F44",
    "kt.icon.hoverForeground": "#D7DBDE",
    "kt.icon.secondaryForeground": "#868C91",
    "kt.infoBackground": "#167CDB40",
    "kt.infoIconForeground": "#3895EB",
    "kt.input.border": "#00000000",
    "kt.input.disableBackground": "#5F656B40",
    "kt.input.disableForeground": "#5F656B",
    "kt.input.selectionBackground": "#1A66AC",
    "kt.linkButton.clickForeground": "#167CDB",
    "kt.linkButton.disableForeground": "#5F656B",
    "kt.linkButton.foreground": "#3895EB",
    "kt.linkButton.hoverForeground": "#67ABEB",
    "kt.menu.descriptionForeground": "#868C91",
    "kt.menu.disableForeground": "#5F656B",
    "kt.menubar.background": "#35393D",
    "kt.menubar.border": "#252729",
    "kt.menubar.foreground": "#D7DBDE",
    "kt.menubar.separatorBackground": "#5F656B40",
    "kt.modal.background": "#35393D",
    "kt.modal.foreground": "#D7DBDE",
    "kt.modal.separatorBackground": "#2C3033",
    "kt.modalErrorIcon.foreground": "#DB4345",
    "kt.modalInfoIcon.foreground": "#3895EB",
    "kt.modalSuccessIcon.foreground": "#64B436",
    "kt.modalWarningIcon.foreground": "#DBA936",
    "kt.panel.secondaryForeground": "#868C91",
    "kt.panelTab.activeBackground": "#202224",
    "kt.panelTab.activeForeground": "#FFFFFF",
    "kt.panelTab.border": "#2C3033",
    "kt.panelTab.inactiveBackground": "#35393D",
    "kt.panelTab.inactiveForeground": "#D7DBDE",
    "kt.panelTitle.background": "#2C3033",
    "kt.popover.background": "#35393D",
    "kt.popover.border": "#2C3033",
    "kt.popover.foreground": "#D7DBDE",
    "kt.popover.prominentBackground": "#2C3033",
    "kt.primaryButton.background": "#167CDB",
    "kt.primaryButton.clickBackground": "#1A66AC",
    "kt.primaryButton.foreground": "#FFFFFF",
    "kt.primaryButton.hoverBackground": "#3895EB",
    "kt.primaryGhostButton.border": "#3895EB",
    "kt.primaryGhostButton.clickBorder": "#167CDB",
    "kt.primaryGhostButton.clickForeground": "#167CDB",
    "kt.primaryGhostButton.foreground": "#3895EB",
    "kt.secondaryButton.border": "#5F656B",
    "kt.secondaryButton.clickBorder": "#167CDB",
    "kt.secondaryButton.clickForeground": "#167CDB",
    "kt.secondaryButton.foreground": "#D7DBDE",
    "kt.secondaryButton.hoverBorder": "#3895EB",
    "kt.secondaryButton.hoverForeground": "#3895EB",
    "kt.select.background": "#00000040",
    "kt.select.border": "#00000000",
    "kt.select.disableBackground": "#5F656B40",
    "kt.select.disableForeground": "#5F656B",
    "kt.select.foreground": "#D7DBDE",
    "kt.select.placeholderForeground": "#5F656B",
    "kt.selectDropdown.background": "#35393D",
    "kt.selectDropdown.foreground": "#D7DBDE",
    "kt.selectDropdown.hoverBackground": "#5F656B40",
    "kt.selectDropdown.selectionBackground": "#167CDB40",
    "kt.selectOption.activeBorder": "#167CDB",
    "kt.statusbar.offline.background": "#DB4345",
    "kt.successBackground": "#48A91840",
    "kt.successIconForeground": "#64B436",
    "kt.tab.activeBorder": "#167CDB",
    "kt.tab.activeForeground": "#FFFFFF",
    "kt.tab.borderDown": "#5F656B40",
    "kt.tab.inactiveForeground": "#D7DBDE",
    "kt.tree.activeSelectionBackground": "#1A66AC",
    "kt.tree.activeSelectionForeground": "#FFFFFF",
    "kt.tree.hoverBackground": "#5F656B40",
    "kt.tree.hoverForeground": "#D7DBDE",
    "kt.tree.inactiveSelectionBackground": "#167CDB40",
    "kt.tree.inactiveSelectionForeground": "#D7DBDE",
    "kt.warningBackground": "#D7951340",
    "kt.warningIconForeground": "#DBA936",
    "kt.whiteGhostButton.border": "#FFFFFF",
    "kt.whiteGhostButton.clickBorder": "#FFFFFFA6",
    "kt.whiteGhostButton.clickForeground": "#FFFFFFA6",
    "kt.whiteGhostButton.disableBackground": "#FFFFFF03",
    "kt.whiteGhostButton.disableBorder": "#FFFFFF40",
    "kt.whiteGhostButton.disableForeground": "#FFFFFF40",
    "kt.whiteGhostButton.foreground": "#FFFFFF",
    "list.activeSelectionBackground": "#1A66AC",
    "list.activeSelectionForeground": "#FFFFFF",
    "list.evenItemBackground": "#5F656B14",
    "list.headerBackground": "#5F656B1F",
    "list.hoverBackground": "#5F656B40",
    "menu.background": "#35393D",
    "menu.foreground": "#D7DBDE",
    "menu.selectionBackground": "#5F656B40",
    "menu.selectionForeground": "#FFFFFF",
    "menu.separatorBackground": "#43484D",
    "menubar.selectionBackground": "#2C3033",
    "menubar.selectionForeground": "#FFFFFF",
    "message.background": "#35393D",
    "message.foreground": "#D7DBDE",
    "messageErrorIcon.foreground": "#DB4345",
    "messageInfoIcon.foreground": "#3895EB",
    "messageSuccessIcon.foreground": "#64B436",
    "messageWarningIcon.foreground": "#DBA936",
    "notifications.background": "#35393D",
    "notifications.foreground": "#D7DBDE",
    "notificationsErrorIcon.foreground": "#DB4345",
    "notificationsInfoIcon.foreground": "#3895EB",
    "notificationsWarningIcon.foreground": "#DBA936",
    "panel.background": "#202224",
    "panel.border": "#43484D",
    "panel.foreground": "#D7DBDE",
    "panel.selectionBackground": "#5F656B40",
    "panel.separatorBackground": "#2C3033",
    "panelMenuBadge.background": "#00000040",
    "panelMenuBar.background": "#2C3033",
    "panelMenuBarBadge.foreground": "#5F656B40",
    "panelTabBarActionIcon.Background": "#868C91",
    "panelTabBarError.foreground": "#DB4345",
    "panelTitle.activeBorder": "#167CDB",
    "panelTitle.activeForeground": "#FFFFFF",
    "panelTitle.hoverForeground": "#FFFFFF",
    "panelTitle.inactiveForeground": "#D7DBDE",
    "selectDropdown.descriptionForeground": "#868C91",
    "selectDropdown.teamForeground": "#868C91",
    "sideBar.background": "#2C3033",
    "sideBar.border": "#252729",
    "sideBar.dropBackground": "#43484D",
    "sideBar.dropUpBackground": "#1F507D",
    "sideBarSectionHeader.background": "#43484D",
    "sideBarSectionHeader.foreground": "#FFFFFF",
    "sideBarTitle.foreground": "#FFFFFF",
    "statusBar.background": "#252729",
    "statusBar.debuggingBackground": "#D77915",
    "statusBar.foreground": "#FFFFFF",
    "statusBar.noFolderBackground": "#43484D",
    "statusBarItem.activeBackground": "#FFFFFF40",
    "statusBarItem.hoverBackground": "#FFFFFF03",
    "statusBarItem.remoteBackground": "#6329B4",
    "tab.activeBackground": "#202224",
    "tab.activeForeground": "#FFFFFF",
    "tab.border": "#2C3033",
    "tab.inactiveBackground": "#35393D",
    "tab.inactiveForeground": "#D7DBDE",
    "tab.unfocusedActiveBackground": "#202224",
    "tab.unfocusedActiveForeground": "#868C91",
    "tab.unfocusedInactiveForeground": "#868C91",
    "terminal.background": "#202224",
    "terminal.border": "#252729",
    "terminal.foreground": "#D7DBDE",
    "terminal.offlineBackground": "#D21F2840",
    "terminal.offlineForeground": "#868C91",
    "terminal.offlineLinkForeground": "#3895EB",
    "terminal.selectionBackground": "#5F656B40",
    "tooltip.background": "#35393D",
    "tooltip.foreground": "#D7DBDE",
    "widget.shadow": "#00000099"
  }
}