{
  "input.foreground": [
    "dark-idegrey-9",
    "light-idegrey-9"
  ],
  "input.background": [
    "opacity(dark-black,25)",
    "light-idegrey-1"
  ],
  "input.placeholderForeground": [
    "dark-idegrey-6",
    "light-idegrey-6"
  ],
  "kt.input.border": [
    "opacity(black,0)",
    "light-idegrey-5"
  ],
  "focusBorder": [
    "dark-ideblue-6",
    "light-ideblue-6"
  ],
  "kt.input.disableForeground": [
    "dark-idegrey-6",
    "light-idegrey-6"
  ],
  "kt.input.disableBackground": [
    "opacity(dark-idegrey-6,25)",
    "opacity(light-idegrey-6,25)"
  ],
  "kt.input.selectionBackground": [
    "dark-ideblue-5",
    "light-ideblue-2"
  ],
  "inputIcon.foreground": [
    "dark-idegrey-6",
    "light-idegrey-6"
  ],
  "inputDropdown.searchMatchForeground": [
    "dark-ideblue-7",
    "light-ideblue-6"
  ],
  "inputValidation.warningBackground": [
    "dark-gold-1",
    "light-gold-1"
  ],
  "inputValidation.warningText": [
    "dark-gold-7",
    "light-gold-5"
  ],
  "inputValidation.warningBorder": [
    "dark-gold-7",
    "light-gold-5"
  ],
  "inputValidation.errorBackground": [
    "dark-red-1",
    "light-red-1"
  ],
  "inputValidation.errorText": [
    "dark-red-6",
    "light-red-1"
  ],
  "inputValidation.errorForeground": [
    "dark-idegrey-9",
    "light-idegrey-9"
  ],
  "inputValidation.errorBorder": [
    "dark-red-6",
    "light-red-6"
  ],
  "inputValidation.errorShadow": [
    "",
    ""
  ]
}