{
  "message.foreground": [
    "dark-idegrey-9",
    "light-idegrey-9"
  ],
  "message.background": [
    "dark-idegrey-4",
    "light-idegrey-1"
  ],
  "messageErrorIcon.foreground": [
    "dark-red-7",
    "light-red-6"
  ],
  "messageWarningIcon.foreground": [
    "dark-gold-7",
    "light-gold-6"
  ],
  "messageInfoIcon.foreground": [
    "dark-ideblue-7",
    "light-ideblue-6"
  ],
  "messageSuccessIcon.foreground": [
    "dark-green-7",
    "light-green-6"
  ],
  "message.shadow": [
    "",
    ""
  ]
}