{
  "notifications.foreground": [
    "dark-idegrey-9",
    "light-idegrey-9"
  ],
  "notifications.background": [
    "dark-idegrey-4",
    "light-idegrey-1"
  ],
  "notifications.border": [
    "#383d42",
    "#e7e7e7"
  ],
  "notificationsErrorIcon.foreground": [
    "dark-red-7",
    "light-red-6"
  ],
  "notificationsWarningIcon.foreground": [
    "dark-gold-7",
    "light-gold-6"
  ],
  "notificationsInfoIcon.foreground": [
    "dark-ideblue-7",
    "light-ideblue-6"
  ],
  "notification.shadow": [
    "",
    ""
  ]
}