{
  "panel.border": [
    "dark-idegrey-5",
    "light-idegrey-5"
  ],
  "panel.foreground": [
    "dark-idegrey-9",
    "light-idegrey-9"
  ],
  "kt.panel.secondaryForeground": [
    "dark-idegrey-7",
    "light-idegrey-7"
  ],
  "panel.background": [
    "dark-idegrey-1",
    "light-idegrey-1"
  ],
  "panel.selectionBackground": [
    "opacity(dark-idegrey-6,25)",
    "opacity(light-idegrey-6,25)"
  ],
  "panel.separatorBackground": [
    "dark-idegrey-3",
    "light-idegrey-3"
  ],
  "activityBar.foreground": [
    "dark-idegrey-9",
    "light-idegrey-9"
  ],
  "panelMenuBar.background": [
    "dark-idegrey-3",
    "light-idegrey-3"
  ],
  "kt.activityBar.dropUpBackground": [
    "dark-ideblue-4",
    "light-ideblue-2"
  ],
  "activityBar.dropBackground": [
    "dark-idegrey-5",
    "light-idegrey-5"
  ],
  "activityBar.dropShadow": [
    "",
    ""
  ],
  "activityBar.inactiveForeground": [
    "dark-idegrey-7",
    "light-idegrey-7"
  ],
  "activityBar.activeForeground": [
    "dark-idegrey-10",
    "light-idegrey-10"
  ],
  "activityBar.activeBorder": [
    "dark-ideblue-6",
    "light-ideblue-6"
  ],
  "activityBar.border": [
    "dark-idegrey-2",
    "light-idegrey-5"
  ],
  "panelMenuBarBadge.foreground": [
    "opacity(dark-idegrey-6,25)",
    "opacity(light-idegrey-6,25)"
  ],
  "panelMenuBadge.background": [
    "opacity(dark-black,25)",
    "light-idegrey-1"
  ],
  "panelTitle.inactiveForeground": [
    "dark-idegrey-9",
    "light-idegrey-9"
  ],
  "panelTitle.hoverForeground": [
    "dark-idegrey-10",
    "light-idegrey-10"
  ],
  "panelTitle.activeForeground": [
    "dark-idegrey-10",
    "light-idegrey-10"
  ],
  "panelTitle.activeBorder": [
    "dark-ideblue-6",
    "light-ideblue-6"
  ],
  "kt.panelTitle.background": [
    "dark-idegrey-3",
    "light-idegrey-3"
  ],
  "kt.panelTab.inactiveForeground": [
    "dark-idegrey-9",
    "light-idegrey-9"
  ],
  "kt.panelTab.inactiveBackground": [
    "dark-idegrey-4",
    "light-idegrey-3"
  ],
  "kt.panelTab.activeForeground": [
    "dark-idegrey-10",
    "light-idegrey-10"
  ],
  "kt.panelTab.activeBackground": [
    "dark-idegrey-1",
    "light-idegrey-1"
  ],
  "kt.panelTab.border": [
    "dark-idegrey-3",
    "light-idegrey-5"
  ],
  "panelTabBarActionIcon.Background": [
    "dark-idegrey-7",
    "light-idegrey-7"
  ],
  "panelTabBarError.foreground": [
    "dark-red-7",
    "light-red-6"
  ],
  "terminal.foreground": [
    "dark-idegrey-9",
    "light-idegrey-9"
  ],
  "terminal.background": [
    "dark-idegrey-1",
    "light-idegrey-1"
  ],
  "terminal.border": [
    "dark-idegrey-2",
    "light-idegrey-5"
  ],
  "terminal.offlineForeground": [
    "dark-idegrey-7",
    "light-idegrey-7"
  ],
  "terminal.offlineLinkForeground": [
    "dark-ideblue-7",
    "light-ideblue-6"
  ],
  "terminal.offlineBackground": [
    "opacity(dark-red-6,25)",
    "opacity(light-red-4,25)"
  ]
}